{"test_precision": 0.7880405766150561, "test_recall": 0.7752100840336135, "test_f1": 0.7815726767275616}